Vocabulary;Source;Vocabulary_ID;CUI;RAG_NAME;CUI_NAME;CONCEPT_NAME;M0_regex;M1_regex;M2_question;M3_feature_name;M3_question;M3_examples
RxNorm;SOFA-score;1337720;C0012963;dobutamine;dobutamine;dobutamine;\b(dobutamine|dobutamin)\b;\b(dobutamine|dobutamin)\b;Does this patient currently have any dose of dobutamine?;dobutamine;What is the current dose of dobutamine being administered (µg/kg/min)?;"Text: ""Dobutamine - 8 mcg/Kg/min""  
Output: {{""value"": 8 mcg/Kg/min}}

Text: ""Patient required norepinephrine, dobutamine, and milrinone.""  
Output: {{""value"": null}}

Text: ""IV dopamine initiated @ 5mcg/kg/hr and \n quickly titrated to 15mcg/kg/min.""
Output: {{value: 15mcg/kg/min}}
"
RxNorm;SOFA-score;1337860;C0013030;dopamine;dopamine;dopamine;\b(dopamine|dopamin|da)\b;\b(dopamine|dopamin|da)\b;Does this patient currently have any dose of dopamine?;dopamine;What is the current dose of dopamine being administered (µg/kg/min)?;"Text: ""She arrived in the CCU on dopamine 10mic/kilo""  
Output: {{""value"": 10mic/kilo}}

Text: ""Dopamine - 5 mcg/Kg/min""
Output: {{""value"": 5 mcg/Kg/min}}

Text: ""Dopamine and Levophed gtts started""  
Output: {{""value"": null}}"
RxNorm;SOFA-score;1343916;C0014563;epinephrine;epinephrine;epinephrine;\b(epinephrine|epinephrin|adrenaline|adrenalin|epi)\b;\b(epinephrine|epinephrin|adrenaline|adrenalin|epi)\b;Does this patient currently have any dose of epinephrine?;epinephrine;What is the current dose of epinephrine being administered (µg/kg/min)?;"Text: ""Epi started at 0.02mcg/kg/min""
Output: {{""value"": 0.02mcg/kg/min}}

Text: ""wean Epi for CI > 2.0""
Output: {{""value"": null}} "
RxNorm;SOFA-score;1321341;C0028351;norepinephrine;norepinephrine;norepinephrine;\b(norepinephrine|ne|noradrenaline|noradrenalin|norepi|nor-epi)\b;\b(norepinephrine|ne|noradrenaline|noradrenalin|norepi|nor-epi)\b;Does this patient currently have any dose of norepinephrine?;norepinephrine;"What is the current dose of norepinephrine being administered (µg/kg/min)?
";"Text: ""Norepinephrine - 0.06 mcg/Kg/min""
Output: {{""value"": 0.06 mcg/Kg/min}}

Text: ""11. Norepinephrine 12. Pneumococcal Vac Polyvalent""
Output: {{""value"": null}}"
LOINC;SOFA-score, qSOFA-score;3007194;C0806223;glasgow coma score;Glasgow coma score.total;Glasgow Coma Scale ≤ 14;\b(gcs|glasgow[ -]?coma[ -]?scale|glasgow[ -]?coma)\b;\b(gcs|glasgow[ -]?coma[ -]?scale|glasgow[ -]?coma)\b;Has the patient currently score 14 or lower on the Glasgow Coma Scale?;glasgow coma scale;What is the patient’s current Glasgow Coma Scale (GCS) score?;"Text: ""GCS = 6""
Output: {{""value"": 6}}

Text: ""current GCS scale of 9 (< 10)""
Output: {{""value"": 9}}"
LOINC;SOFA-score;3024128;C0364108;bilirubin;Bilirubin.total [Mass/volume] in Serum or Plasma;Bilirubin ≥ 1.2 mg/dL;\b((tot(al)?)[ -]?)?(bilirubin|bili)([ -]?(tot(al)?))?\b[-]?(\d+(\.\d+)?\b)?;\b((tot(al)?)[ -]?)?(bilirubin|bili)([ -]?(tot(al)?))?\b[-]?(\d+(\.\d+)?\b)?;Does the patient currently have a bilirubin level greater than 1.2 milligrams per deciliter?;bilirubin;"What is the patient’s current bilirubin level (mg/dL)?
";"Text: ""patient's bilirubin was 6""
Output: {{""value"": 6}}

Text: ""bili to 7.0""
Output: {{""value"": 7}}

Text: ""\n Bili \n Neg""
Output: {{""value"": null}}"
LOINC;SOFA-score;3016723;C0364294;creatinine;Creatinine [Mass/volume] in Serum or Plasma;Creatinine ≥ 1.2 mg/dL;\b((creatinine|cr|cre|creat|kreatinine|kre|k|kreat)[.]?)\b[-]?(\d+(\.\d+)?\b)?;\b((creatinine|cr|cre|creat|kreatinine|kre|k|kreat)[.]?)\b[-]?(\d+(\.\d+)?\b)?;Does the patient currently have a creatinine level greater than 1.2 milligrams per deciliter?;creatine;What is the patient’s current creatinine level (mg/dL)?;"Text: ""\n Cr \n 2.5""
Output: {{""value"": 2.5}}

Text: ""Creatinine up to 1.8""
Output: {{""value"": 1.8}}"
LOINC;SOFA-score;3027801;C1822073;partial pressure of oxygen in arterial blood;partial pressure of oxygen in arterial blood;Oxygen [Partial pressure] in Arterial blood PaO₂/FiO₂ ≤ 400;\b(pao2|po2|Pao_2|p[ -]?ao2)\b;\b(pao2|po2|Pao_2|p[ -]?ao2)\b;Does this patient currently have PaO₂/FiO₂ ratio below 400 mm Hg?;oxygen in arterial blood;What is the patient’s current PaO₂/FiO₂ ratio?;"Text: ""PaO2 / FiO2: 602""
Output: {{""value"": 602}}

Text: ""PaO2 / FiO2: 142""
Output: {{""value"": 142}}"
LOINC;SOFA-score;3007461;C0005821;blood platelets;Blood Platelets;Platelets [#/volume] in Blood ≤ 150,000/µL;\b((platelets|thrombocytes|plt|plts|thrombozyten)[- ]?(ct|cnt|count))\b[-]?(\d+(\.\d+)?\b)?;\b((platelets|thrombocytes|plt|plts|thrombozyten)[- ]?(ct|cnt|count))\b[-]?(\d+(\.\d+)?\b)?;Does this patient currently have a platelet count lower than 150 thousand per microliter?;platelet count;What is the patient’s current platelet count (×10⁹/L)?;"Text: ""Plt \n                                     129""
Output: {{""value"": 129}}

Text: ""plt 101""
Output: {{""value"": 101}}

Text: ""Pt transfused with 1 unit platelets""
Output: {{""value"": null}}"
LOINC;SOFA-score;3014315;C0232856;urine output;Rate of urine output, function;Urine output < 500 mL/day;\b(urine[-]?output|u[-]?output|urinary[ -]?output|uop)\b;\b(urine[-]?output|u[-]?output|urinary[ -]?output|uop)\b;Is the patient’s current urine output less than 500 milliliters per day?;urine output;What is the patient’s current urine output (mL) per day?;"Text: ""uop 450ml""
Output: {{""value"": 450ml}}

Text: ""- Lasix gtt 10-15 mg/hr with goal 100-150 cc/hr of UOP""
Output: {{""value"": null}}

Text: ""Urine output 4-20cc clear concentrated urine hourly.""
Output: {{""value"": null}}"
LOINC;SOFA-score;4230167;C0035205;artificial respiration;Respiration, Artificial;Artificial ventilation;;\b(ventilator|ventilation|mechanical[-]?ventilation|respirator|PEEP|FiO2|tidal[ -]?volume|TV|respiratory[-]?rate|RR|Minute[-]?Volume|MV|inspiratory[ -]?pressure|IPAP|expiratory[-]?pressure|EPAP|APRV|BiPAP|CPAP)\b;Is the patient currently receiving artificial ventilation?;;;
SNOMED;SOFA-score;37168599;C5780931;mean arterial pressure ;Mean arterial pressure (observable entity);Mean arterial pressure < 70 mmHg;\b(map|mean[ -]?arterial[ -]?pressure)\b;\b(map|mean[ -]?arterial[ -]?pressure)\b;Is the patient’s current mean arterial pressure less than 70 mmHg?;mean arterial pressure;What is the patient’s current mean arterial pressure (mmHg)?;"Text: ""Levophed @ .14mcg/kg/min to maintain MAP 65""
Output: {{""value"": 65}}

Text: ""wean Epi for CI > 2.0 and MAP > 60""
Output: {{""value"": null}}

Text: ""Vasopressin also initiated @ 2.4 units/hr for MAP goal >60""
Output: {{""value"": null}}"
SNOMED;SIRS ;437663;C0015967;fever;Fever;Fever > 100.4 F;\b(tmax|tcurrent|febrile|fever|hypothermia|pyrexia|C|F|degrees|\b(100\.[4-9]|10[1-9]\.[0-9]|11[1-9]\.[0-9]|10[1-9]|11[0-9])\b)\b;\b(fever|febrile|pyrexia|\b(100\.[4-9]|10[1-9]\.[0-9]|11[1-9]\.[0-9]|10[1-9]|11[0-9])\b[ ]?(F|degrees)|T[ -]?\b(100\.[4-9]|10[1-9]\.[0-9]|11[1-9]\.[0-9]|10[1-9]|11[0-9])\b)\b;Does the patient currently have a fever greater than 100.4 F?;temperature in fahrenheit;"What is the patient’s current temperature (Fahrenheit)?
";"Text: ""T current: 37.7 \n C (99.9""
Output: {{""value"": 99.9 F}}

Text: ""Constitutional: No fevers""
Output: {{""value"": null}}

Text: ""Febrile to 103.1.""
Output: {{""value"": 103.1 F}}"
SNOMED;SIRS ;435371;C0020672;hypothermia;Hypothermia, natural;Hypothermia < 96.8 F;;\b(hypothermia|\b(96\.[0-8]|9[0-5]\.[0-9]|[1-8][0-9]|9[0-6]|[1-8][1-9]\.[0-9])\b[ ]?(F|degrees)|T[ -]?\b(96\.[0-8]|9[0-5]\.[0-9]|[1-8][0-9]|9[0-6]|[1-8][1-9]\.[0-9])\b)\b;Does the patient currently have hypothermia, defined as a temperature less than 96.8 F?;;;
SNOMED;SIRS ;444070;C0039231;tachycardia;Tachycardia;Tachycardia > 90 beats per minute;\b(tachycardia|(heart[ ]?rate|HR))\b;\b(tachycardia|(heart[ ]?rate|HR)[ ]\b([9][0-9]|1[0-9][0-9]|2[0-9][0-9])\b)\b;Does the patient currently have tachycardia, with a heart rate greater than 90 beats per minute?;heart rate;What is the patient’s current heart rate (beats per minute)?;"Text: ""HR: 66 (66 - 88) bpm""
Output: {{""value"": 66}}

Text: ""BP nadir 69/42 with HR 98.""
Output: {{""value"": 98}}

Text: ""HR \n 70s-90s NSR with no ectopy noted.""
Output: {{""value"": null}}"
SNOMED;SIRS, qSOFA-score;40478545;C0231835;tachypnea;Tachypnea;Tachypnea > 20 breaths per minute;\b(tachypnea|(breathing[ -]?rate|respiratory[ -]?rate|respirations))\b;\b(tachypnea|(breathing[ -]?rate|respiratory[ -]?rate|respirations)[ ]\b([2-9][0-9])\b)\b;Does the patient currently have tachypnea, with a respiratory rate greater than 20 breaths per minute?;respiratory rate;"What is the patient’s current respiratory rate (breaths per minute)?
";"Text: ""RR: 21 (15 - 21) insp/min""
Output: {{""value"": 21}}

Text: ""She meets SIRS criteria with leukocytosis, tachycardia, and tachypnea""
Output: {{""value"": null}}"
SNOMED;SIRS ;438398;C0023518;leukocytosis;Leukocytosis;Leukocytosis > 12,000/µL;\b(WBC|leukocytosis|leukokytosis|leucocytopenia|leucopenia|leukocytopenia|leukopenia|\b(1[2-9][0-9][0-9][0-9]|[2-9][0-9][0-9][0-9][0-9])/µL|WBC[ -]?\b([1][4-9]\.[0-9]|[2-9][0-9]\.[0-9])\b)\b;\b(leukocytosis|leukokytosis|\b(1[2-9][0-9][0-9][0-9]|[2-9][0-9][0-9][0-9][0-9])/µL|WBC[ -]?\b([1][4-9]\.[0-9]|[2-9][0-9]\.[0-9])\b)\b;Does the patient currently have leukocytosis, with a white blood cell (WBC) count greater than 12.0E9/L?;white blood count;"What is the patient’s current white blood cell count (×10⁹/L)?
";"Text: ""   WBC \n 16.4 \n  Hct \n 41.6 \n Plt \n 295""
Output: {{""value"": 16.4}}

Text: ""LP was performed that \n showed 9500 WBC (91% polys),""
Output: {{""value"": 9500}}

Text: ""Patient with elevated WBC count""
Output: {{""value"": null}}"
SNOMED;SIRS ;435224;C0023530;leukopenia;Leukopenia;Leukopenia < 4,000/µL;;\b(leucocytopenia|leucopenia|leukocytopenia|leukopenia|\b([1-9]|[1-9][0-9]|[1-9][0-9][0-9]|[1-3][0-9][0-9][0-9])/µL|WBC[ -]?\b([1-3]\.[0-9])\b)\b;Does the patient currently have leukopenia, with a white blood cell (WBC) count less than 4.0E9/L?;;;
SNOMED;qSOFA-score;4152194;C1306620;systolic blood pressures;Systolic blood pressure measurement;systolic blood pressure  ≤  100 mm Hg;\b(sap|systolic[ -]?arterial[ -]?pressure)\b ;\b(sap|systolic[ -]?arterial[ -]?pressure)\b ;Does the patient currently have a systolic blood pressure of 100 mm Hg or less?;systolic blood pressure;What is the patient’s current systolic blood pressure (mmHg)?;"Text: ""SBP close to 100 tonight, except with cares and stimulation. CO/CI improving""
Output: {{""value"": 100}}

Text: ""SBP stable around 102""
Output: {{""value"": 102}}

Text: ""SBP in the ED at [**Hospital 2437**] Hospital was in the 80's.""
Output: {{""value"": null}}
"